{
  "sampleRateRef": 48000,
  "count": 3,
  "pairs": [
    {
      "id": "vowel_pair",
      "A": [
        0.95,
        0.01047197551529928,
        0.96,
        0.01963495409118615,
        0.985,
        0.0392699081823723,
        0.992,
        0.1178097245471169,
        0.993,
        0.3272492348531025,
        0.985,
        0.4581489287943443
      ],
      "B": [
        0.96,
        0.00785398163647446,
        0.98,
        0.031415926145898,
        0.985,
        0.044505896,
        0.992,
        0.130899693941241,
        0.99,
        0.2879793266707302,
        0.985,
        0.392699081823723
      ]
    },
    {
      "id": "bell_pair",
      "A": [
        0.996,
        0.1439896633353651,
        0.995,
        0.1832595715177374,
        0.994,
        0.2879793266707302,
        0.993,
        0.392699081823723,
        0.992,
        0.549778714378165,
        0.99,
        0.7853981636474463
      ],
      "B": [
        0.997,
        0.5235987755982988,
        0.996,
        0.6283185307179586,
        0.995,
        0.7068583470577035,
        0.993,
        0.9424777960769379,
        0.991,
        1.0995574287564276,
        0.989,
        1.2566370614359172
      ]
    },
    {
      "id": "low_pair",
      "A": [
        0.88,
        0.00392699081823723,
        0.9,
        0.00785398163647446,
        0.92,
        0.01570796327294893,
        0.94,
        0.03272492348531062,
        0.96,
        0.06544984697062124,
        0.97,
        0.130899693941241
      ],
      "B": [
        0.97,
        0.0261799387882482,
        0.985,
        0.06544984697062124,
        0.99,
        0.157079632653589,
        0.992,
        0.23561944901923484,
        0.99,
        0.3665191429188092,
        0.988,
        0.47123889803846897
      ]
    }
  ]
}