id,r0,theta0,r1,theta1,r2,theta2,r3,theta3,r4,theta4,r5,theta5
vowel_pair,0.96,0.00785398164,0.98,0.0314159261,0.985,0.044505896,0.992,0.130899694,0.99,0.287979327,0.985,0.392699082
bell_pair,0.997,0.523598776,0.996,0.628318531,0.995,0.706858347,0.993,0.942477796,0.991,1.09955743,0.989,1.25663706
low_pair,0.97,0.0261799388,0.985,0.065449847,0.99,0.157079633,0.992,0.235619449,0.99,0.366519143,0.988,0.471238898
