id,r0,theta0,r1,theta1,r2,theta2,r3,theta3,r4,theta4,r5,theta5
vowel_pair,0.95,0.0104719755,0.96,0.0196349541,0.985,0.0392699082,0.992,0.117809725,0.993,0.327249235,0.985,0.458148929
bell_pair,0.996,0.143989663,0.995,0.183259572,0.994,0.287979327,0.993,0.392699082,0.992,0.549778714,0.99,0.785398164
low_pair,0.88,0.00392699082,0.9,0.00785398164,0.92,0.0157079633,0.94,0.0327249235,0.96,0.065449847,0.97,0.130899694
